dataset,threads,schedule,chunk,median_ms,speedup
g,1.0,dynamic,1.0,101.578,0.3238890310894091
g,2.0,dynamic,1.0,156.429,0.21031905848659774
g,4.0,dynamic,1.0,140.003,0.23499496439362014
g,8.0,dynamic,1.0,142.974,0.23011176857330704
g,16.0,dynamic,1.0,129.442,0.25416788986573136
g,1.0,dynamic,1024.0,35.83,0.9182249511582473
g,2.0,dynamic,1024.0,21.295,1.5449636064803942
g,4.0,dynamic,1024.0,16.637,1.9775199855743222
g,8.0,dynamic,1024.0,9.659,3.406149704938399
g,16.0,dynamic,1024.0,39.833,0.8259483342956845
g,1.0,dynamic,256.0,38.813,0.8476541365006569
g,2.0,dynamic,256.0,23.256,1.41468868249054
g,4.0,dynamic,256.0,17.881,1.8399418377048262
g,8.0,dynamic,256.0,10.328,3.1855151045701007
g,16.0,dynamic,256.0,40.705,0.8082545141874462
g,1.0,dynamic,64.0,37.399,0.8797026658466803
g,2.0,dynamic,64.0,24.659,1.3341984670911229
g,4.0,dynamic,64.0,19.088,1.7235959765297568
g,8.0,dynamic,64.0,12.345,2.6650465775617658
g,16.0,dynamic,64.0,45.394,0.7247653874961448
g,1.0,dynamic,NA,100.619,0.32697601844582036
g,2.0,dynamic,NA,167.007,0.19699773063404527
g,4.0,dynamic,NA,141.462,0.2325712912301537
g,8.0,dynamic,NA,133.757,0.24596843529684426
g,16.0,dynamic,NA,140.396,0.2343371606028662
g,1.0,static,1.0,35.546,0.9255612445844821
g,2.0,static,1.0,42.911,0.7667031763417305
g,4.0,static,1.0,37.56,0.8759318423855165
g,8.0,static,1.0,23.638,1.3918267196886367
g,16.0,static,1.0,47.371,0.6945177429228853
g,1.0,static,1024.0,34.778,0.9460003450457185
g,2.0,static,1024.0,20.973,1.568683545510895
g,4.0,static,1024.0,15.648,2.1025051124744376
g,8.0,static,1024.0,12.816,2.567103620474407
g,16.0,static,1024.0,41.739,0.7882316298905101
g,1.0,static,256.0,34.621,0.9502902862424539
g,2.0,static,256.0,23.968,1.372663551401869
g,4.0,static,256.0,16.789,1.9596164155101552
g,8.0,static,256.0,13.997,2.350503679359863
g,16.0,static,256.0,41.881,0.785559084071536
g,1.0,static,64.0,38.236,0.8604456533110159
g,2.0,static,64.0,22.987,1.4312437464653935
g,4.0,static,64.0,18.493,1.7790515330124912
g,8.0,static,64.0,13.841,2.3769958818004477
g,16.0,static,64.0,20.919,1.5727329222238156
g,1.0,static,NA,38.052,0.8646063281824871
g,2.0,static,NA,20.877,1.5758969200555635
g,4.0,static,NA,15.791,2.083465265024381
g,8.0,static,NA,12.839,2.562504867980372
g,16.0,static,NA,41.398,0.794724382820426
m,1.0,dynamic,1.0,7.813,0.21758607449123257
m,2.0,dynamic,1.0,18.576,0.09151593453919035
m,4.0,dynamic,1.0,17.186,0.09891772372861632
m,8.0,dynamic,1.0,16.921,0.10046687548017257
m,16.0,dynamic,1.0,45.89,0.03704510786663761
m,1.0,dynamic,1024.0,1.873,0.9076348104644955
m,2.0,dynamic,1024.0,2.633,0.6456513482719332
m,4.0,dynamic,1024.0,2.585,0.6576402321083172
m,8.0,dynamic,1024.0,1.812,0.9381898454746136
m,16.0,dynamic,1024.0,39.755,0.0427619167400327
m,1.0,dynamic,256.0,2.224,0.764388489208633
m,2.0,dynamic,256.0,2.752,0.6177325581395349
m,4.0,dynamic,256.0,2.759,0.6161652772743748
m,8.0,dynamic,256.0,2.182,0.7791017415215399
m,16.0,dynamic,256.0,39.54,0.042994436014162876
m,1.0,dynamic,64.0,2.1,0.8095238095238094
m,2.0,dynamic,64.0,2.455,0.6924643584521385
m,4.0,dynamic,64.0,2.576,0.6599378881987578
m,8.0,dynamic,64.0,2.222,0.7650765076507651
m,16.0,dynamic,64.0,46.021,0.0369396579822255
m,1.0,dynamic,NA,8.906,0.19088255108915336
m,2.0,dynamic,NA,20.749,0.08193165935707745
m,4.0,dynamic,NA,18.121,0.09381380718503395
m,8.0,dynamic,NA,15.395,0.11042546281260149
m,16.0,dynamic,NA,47.038,0.036140992389132195
m,1.0,static,1.0,2.127,0.7992477668077105
m,2.0,static,1.0,4.534,0.3749448610498456
m,4.0,static,1.0,5.207,0.3264835797964279
m,8.0,static,1.0,2.701,0.6293965198074787
m,16.0,static,1.0,40.839,0.041626876270231886
m,1.0,static,1024.0,1.813,0.9376723662437948
m,2.0,static,1024.0,2.726,0.623624358033749
m,4.0,static,1024.0,2.791,0.6091006807595843
m,8.0,static,1024.0,2.362,0.7197290431837425
m,16.0,static,1024.0,44.634,0.03808755657122373
m,1.0,static,256.0,1.92,0.8854166666666666
m,2.0,static,256.0,2.635,0.6451612903225806
m,4.0,static,256.0,2.45,0.693877551020408
m,8.0,static,256.0,2.25,0.7555555555555555
m,16.0,static,256.0,46.928,0.03622570746675759
m,1.0,static,64.0,1.944,0.8744855967078189
m,2.0,static,64.0,2.282,0.7449605609114811
m,4.0,static,64.0,2.583,0.6581494386372434
m,8.0,static,64.0,2.509,0.6775607811877242
m,16.0,static,64.0,46.316,0.03670437861646083
m,1.0,static,NA,1.781,0.9545199326221224
m,2.0,static,NA,2.572,0.6609642301710731
m,4.0,static,NA,2.819,0.6030507272082298
m,8.0,static,NA,2.306,0.7372072853425845
m,16.0,static,NA,40.008,0.04249150169966007
p,1.0,dynamic,1.0,0.731,0.13679890560875513
p,2.0,dynamic,1.0,2.391,0.04182350480970305
p,4.0,dynamic,1.0,2.643,0.03783579265985623
p,8.0,dynamic,1.0,2.386,0.041911148365465216
p,16.0,dynamic,1.0,46.041,0.0021719771508003738
p,1.0,dynamic,1024.0,0.143,0.6993006993006994
p,2.0,dynamic,1024.0,0.941,0.10626992561105209
p,4.0,dynamic,1024.0,0.539,0.18552875695732837
p,8.0,dynamic,1024.0,0.791,0.12642225031605564
p,16.0,dynamic,1024.0,44.879,0.002228213641123911
p,1.0,dynamic,256.0,0.143,0.6993006993006994
p,2.0,dynamic,256.0,0.946,0.10570824524312898
p,4.0,dynamic,256.0,0.623,0.16051364365971107
p,8.0,dynamic,256.0,0.725,0.13793103448275862
p,16.0,dynamic,256.0,54.48,0.0018355359765051397
p,1.0,dynamic,64.0,0.147,0.6802721088435375
p,2.0,dynamic,64.0,0.916,0.1091703056768559
p,4.0,dynamic,64.0,0.659,0.15174506828528073
p,8.0,dynamic,64.0,0.695,0.14388489208633096
p,16.0,dynamic,64.0,46.061,0.002171034063524457
p,1.0,dynamic,NA,0.735,0.1360544217687075
p,2.0,dynamic,NA,2.634,0.037965072133637055
p,4.0,dynamic,NA,2.561,0.03904724716907458
p,8.0,dynamic,NA,2.501,0.03998400639744103
p,16.0,dynamic,NA,40.891,0.0024455259103470205
p,1.0,static,1.0,0.143,0.6993006993006994
p,2.0,static,1.0,0.874,0.11441647597254005
p,4.0,static,1.0,0.934,0.10706638115631692
p,8.0,static,1.0,1.164,0.08591065292096221
p,16.0,static,1.0,46.509,0.002150121481863725
p,1.0,static,1024.0,0.132,0.7575757575757576
p,2.0,static,1024.0,0.751,0.13315579227696406
p,4.0,static,1024.0,0.778,0.12853470437017994
p,8.0,static,1024.0,0.818,0.12224938875305624
p,16.0,static,1024.0,40.709,0.002456459259623179
p,1.0,static,256.0,0.126,0.7936507936507937
p,2.0,static,256.0,0.866,0.11547344110854504
p,4.0,static,256.0,0.868,0.1152073732718894
p,8.0,static,256.0,0.853,0.1172332942555686
p,16.0,static,256.0,40.977,0.0024403933914146966
p,1.0,static,64.0,0.138,0.7246376811594203
p,2.0,static,64.0,0.882,0.11337868480725624
p,4.0,static,64.0,0.689,0.1451378809869376
p,8.0,static,64.0,0.955,0.10471204188481677
p,16.0,static,64.0,46.164,0.002166190104843601
p,1.0,static,NA,0.14,0.7142857142857143
p,2.0,static,NA,0.953,0.10493179433368312
p,4.0,static,NA,1.075,0.0930232558139535
p,8.0,static,NA,0.929,0.10764262648008611
p,16.0,static,NA,45.384,0.002203419707385863
